{"cameraMode":{"drawMode":0,"name":"Shaded","section":"Shading Mode"},"sceneLighting":false,"audioPlay":false,"sceneViewState":{"showFog":true,"showMaterialUpdate":true,"showSkybox":false,"showFlares":true,"showImageEffects":true,"showParticleSystems":true},"in2DMode":false,"pivot":{"x":0.42732590436935427,"y":-3.3340141773223879,"z":-1.12814199924469},"rotation":{"x":0.19164980947971345,"y":0.02473430708050728,"z":-0.004825934302061796,"w":0.9811638593673706},"size":1.098076343536377,"orthographic":false}