{"cameraMode":{"drawMode":0,"name":"Shaded","section":"Shading Mode"},"sceneLighting":false,"audioPlay":false,"sceneViewState":{"showFog":true,"showMaterialUpdate":true,"showSkybox":false,"showFlares":true,"showImageEffects":true,"showParticleSystems":true},"in2DMode":false,"pivot":{"x":0.4256015717983246,"y":1.0164824724197388,"z":-0.17043079435825349},"rotation":{"x":-0.09639160335063935,"y":0.7257230281829834,"z":-0.103907011449337,"w":-0.6732373237609863},"size":1.4677670001983643,"orthographic":false}