{"cameraMode":{"drawMode":0,"name":"Shaded","section":"Shading Mode"},"sceneLighting":false,"audioPlay":false,"sceneViewState":{"showFog":true,"showMaterialUpdate":true,"showSkybox":false,"showFlares":true,"showImageEffects":true,"showParticleSystems":true},"in2DMode":false,"pivot":{"x":0.440000057220459,"y":0.010000228881835938,"z":0.0},"rotation":{"x":-0.1604032963514328,"y":0.7473542094230652,"z":-0.19506356120109559,"w":-0.6145590543746948},"size":8.602325439453125,"orthographic":false}