{"cameraMode":{"drawMode":0,"name":"Shaded","section":"Shading Mode"},"sceneLighting":true,"audioPlay":false,"sceneViewState":{"showFog":true,"showMaterialUpdate":true,"showSkybox":true,"showFlares":true,"showImageEffects":true,"showParticleSystems":true},"in2DMode":false,"pivot":{"x":-20.31234359741211,"y":-21.634098052978517,"z":33.395103454589847},"rotation":{"x":0.22076809406280518,"y":-0.23996232450008393,"z":0.05614110082387924,"w":0.9436898231506348},"size":36.761138916015628,"orthographic":false}